tMs,session,type
3566,synth-test-3,late
4100,synth-test-3,late
4300,synth-test-3,late
4300,synth-test-3,late
4300,synth-test-3,late
5433,synth-test-3,late
6700,synth-test-3,wrong
9633,synth-test-3,late
9633,synth-test-3,late
10800,synth-test-3,late
13366,synth-test-3,late
14100,synth-test-3,late
14100,synth-test-3,late
14866,synth-test-3,late
15633,synth-test-3,late
15666,synth-test-3,late
15666,synth-test-3,late
19433,synth-test-3,late
19433,synth-test-3,late
23166,synth-test-3,late
23900,synth-test-3,late
23900,synth-test-3,late
23900,synth-test-3,late
25033,synth-test-3,late
26100,synth-test-3,late
29233,synth-test-3,late
29233,synth-test-3,late
29233,synth-test-3,late
3566,synth-test-4,late
4300,synth-test-4,late
4300,synth-test-4,late
7300,synth-test-4,wrong
9633,synth-test-4,late
9633,synth-test-4,late
11566,synth-test-4,slide
11600,synth-test-4,slide
11633,synth-test-4,slide
11666,synth-test-4,slide
11700,synth-test-4,slide
11733,synth-test-4,slide
11766,synth-test-4,slide
11800,synth-test-4,slide
11833,synth-test-4,slide
11866,synth-test-4,slide
11900,synth-test-4,slide
11933,synth-test-4,slide
11966,synth-test-4,slide
12000,synth-test-4,slide
12033,synth-test-4,slide
12066,synth-test-4,slide
12100,synth-test-4,slide
12133,synth-test-4,slide
12166,synth-test-4,slide
12200,synth-test-4,slide
12233,synth-test-4,slide
12266,synth-test-4,slide
12300,synth-test-4,slide
12333,synth-test-4,slide
12366,synth-test-4,slide
12400,synth-test-4,slide
12433,synth-test-4,slide
12466,synth-test-4,slide
12500,synth-test-4,slide
12533,synth-test-4,slide
12566,synth-test-4,slide
12600,synth-test-4,slide
12633,synth-test-4,slide
12666,synth-test-4,slide
12700,synth-test-4,slide
12733,synth-test-4,slide
12766,synth-test-4,slide
13300,synth-test-4,slide
13333,synth-test-4,slide
13366,synth-test-4,slide
13400,synth-test-4,slide
13433,synth-test-4,slide
13466,synth-test-4,slide
13500,synth-test-4,slide
13533,synth-test-4,slide
13566,synth-test-4,slide
13600,synth-test-4,slide
13633,synth-test-4,slide
13666,synth-test-4,slide
13700,synth-test-4,slide
13733,synth-test-4,slide
13766,synth-test-4,slide
13800,synth-test-4,slide
13833,synth-test-4,slide
13866,synth-test-4,slide
13900,synth-test-4,slide
13933,synth-test-4,slide
13966,synth-test-4,slide
14000,synth-test-4,slide
14033,synth-test-4,slide
14066,synth-test-4,slide
14100,synth-test-4,late
14100,synth-test-4,late
14100,synth-test-4,late
14100,synth-test-4,late
15666,synth-test-4,late
17100,synth-test-4,wrong
19433,synth-test-4,late
19433,synth-test-4,late
23166,synth-test-4,late
23900,synth-test-4,late
23900,synth-test-4,late
25033,synth-test-4,late
25033,synth-test-4,late
29233,synth-test-4,late
29233,synth-test-4,late
1600,torture-22,late
14166,torture-22,late
14700,torture-22,wrong
15633,torture-22,wrong
16100,torture-22,late
16566,torture-22,wrong
17033,torture-22,late
17966,torture-22,late
